Sample,Celltype,Condition,Cells,BC,Nextera,i7,XC
1,HEK,Incubation + ProtK,10,AAAACT,N724,ACTGAGCG,ACTGAGCGAAAACT
2,HEK,Incubation + ProtK,10,ATATAG,N724,ACTGAGCG,ACTGAGCGATATAG
3,HEK,Incubation + ProtK,10,GTTTAT,N724,ACTGAGCG,ACTGAGCGGTTTAT
4,HEK,Incubation + ProtK,10,TGTTTA,N724,ACTGAGCG,ACTGAGCGTGTTTA
5,HEK,Incubation + ProtK,10,GCTAGA,N724,ACTGAGCG,ACTGAGCGGCTAGA
6,HEK,Incubation + ProtK,10,CCCACG,N724,ACTGAGCG,ACTGAGCGCCCACG
7,HEK,Incubation + ProtK,10,CGGTGG,N724,ACTGAGCG,ACTGAGCGCGGTGG
8,HEK,Incubation + ProtK,10,GCTCGC,N724,ACTGAGCG,ACTGAGCGGCTCGC
9,HEK,Incubation + ProtK,1,AAAGTT,N726,CCTAAGAC,CCTAAGACAAAGTT
10,HEK,Incubation + ProtK,1,ATCAAA,N726,CCTAAGAC,CCTAAGACATCAAA
11,HEK,Incubation + ProtK,1,TAAAGT,N726,CCTAAGAC,CCTAAGACTAAAGT
12,HEK,Incubation + ProtK,1,TTAATC,N726,CCTAAGAC,CCTAAGACTTAATC
13,HEK,Incubation + ProtK,1,GGGATT,N726,CCTAAGAC,CCTAAGACGGGATT
14,HEK,Incubation + ProtK,1,CCCCGT,N726,CCTAAGAC,CCTAAGACCCCCGT
15,HEK,Incubation + ProtK,1,CGTGGG,N726,CCTAAGAC,CCTAAGACCGTGGG
16,HEK,Incubation + ProtK,1,GGAGCC,N726,CCTAAGAC,CCTAAGACGGAGCC
17,HEK,No Incubation,10,AAATTG,N724,ACTGAGCG,ACTGAGCGAAATTG
18,HEK,No Incubation,10,ATGAAT,N724,ACTGAGCG,ACTGAGCGATGAAT
19,HEK,No Incubation,10,TAAGAT,N724,ACTGAGCG,ACTGAGCGTAAGAT
20,HEK,No Incubation,10,TTAGTT,N724,ACTGAGCG,ACTGAGCGTTAGTT
21,HEK,No Incubation,10,GTTCGA,N724,ACTGAGCG,ACTGAGCGGTTCGA
22,HEK,No Incubation,10,CCCTGG,N724,ACTGAGCG,ACTGAGCGCCCTGG
23,HEK,No Incubation,10,CTGCGG,N724,ACTGAGCG,ACTGAGCGCTGCGG
24,HEK,No Incubation,10,GGCCAC,N724,ACTGAGCG,ACTGAGCGGGCCAC
25,HEK,No Incubation,1,AAGATT,N726,CCTAAGAC,CCTAAGACAAGATT
26,HEK,No Incubation,1,ATTACT,N726,CCTAAGAC,CCTAAGACATTACT
27,HEK,No Incubation,1,TAATGA,N726,CCTAAGAC,CCTAAGACTAATGA
28,HEK,No Incubation,1,TTATTG,N726,CCTAAGAC,CCTAAGACTTATTG
29,HEK,No Incubation,1,TCTGCA,N726,CCTAAGAC,CCTAAGACTCTGCA
30,HEK,No Incubation,1,CCGGAC,N726,CCTAAGAC,CCTAAGACCCGGAC
31,HEK,No Incubation,1,GACCGC,N726,CCTAAGAC,CCTAAGACGACCGC
32,HEK,No Incubation,1,GGCGTC,N726,CCTAAGAC,CCTAAGACGGCGTC
33,HEK,Incubation,10,AATACA,N724,ACTGAGCG,ACTGAGCGAATACA
34,HEK,Incubation,10,ATTCTA,N724,ACTGAGCG,ACTGAGCGATTCTA
35,HEK,Incubation,10,TACTAT,N724,ACTGAGCG,ACTGAGCGTACTAT
36,HEK,Incubation,10,TTGAAA,N724,ACTGAGCG,ACTGAGCGTTGAAA
37,HEK,Incubation,10,CCAACC,N724,ACTGAGCG,ACTGAGCGCCAACC
38,HEK,Incubation,10,CCGTCG,N724,ACTGAGCG,ACTGAGCGCCGTCG
39,HEK,Incubation,10,GAGCGG,N724,ACTGAGCG,ACTGAGCGGAGCGG
40,HEK,Incubation,10,GGGCAG,N724,ACTGAGCG,ACTGAGCGGGGCAG
41,HEK,Incubation,1,AATCTT,N726,CCTAAGAC,CCTAAGACAATCTT
42,HEK,Incubation,1,ATTTCA,N726,CCTAAGAC,CCTAAGACATTTCA
43,HEK,Incubation,1,TAGTAA,N726,CCTAAGAC,CCTAAGACTAGTAA
44,HEK,Incubation,1,TTTACA,N726,CCTAAGAC,CCTAAGACTTTACA
45,HEK,Incubation,1,GTACCG,N726,CCTAAGAC,CCTAAGACGTACCG
46,HEK,Incubation,1,CCTGGC,N726,CCTAAGAC,CCTAAGACCCTGGC
47,HEK,Incubation,1,GCACGG,N726,CCTAAGAC,CCTAAGACGCACGG
48,HEK,Incubation,1,GGGGAC,N726,CCTAAGAC,CCTAAGACGGGGAC
49,HEK,Column,10,AATTCT,N724,ACTGAGCG,ACTGAGCGAATTCT
50,HEK,Column,10,CAAATA,N724,ACTGAGCG,ACTGAGCGCAAATA
51,HEK,Column,10,TATAGA,N724,ACTGAGCG,ACTGAGCGTATAGA
52,HEK,Column,10,TTTCTT,N724,ACTGAGCG,ACTGAGCGTTTCTT
53,HEK,Column,10,ACCGGC,N724,ACTGAGCG,ACTGAGCGACCGGC
54,HEK,Column,10,CGAGGC,N724,ACTGAGCG,ACTGAGCGCGAGGC
55,HEK,Column,10,GCCAGG,N724,ACTGAGCG,ACTGAGCGGCCAGG
56,HEK,Column,10,GGGTCG,N724,ACTGAGCG,ACTGAGCGGGGTCG
57,HEK,Column,1,ACAATA,N726,CCTAAGAC,CCTAAGACACAATA
58,HEK,Column,1,CATTAT,N726,CCTAAGAC,CCTAAGACCATTAT
59,HEK,Column,1,TATGAA,N726,CCTAAGAC,CCTAAGACTATGAA
60,HEK,Column,1,TTTTGA,N726,CCTAAGAC,CCTAAGACTTTTGA
61,HEK,Column,1,ACGGGG,N726,CCTAAGAC,CCTAAGACACGGGG
62,HEK,Column,1,CGCCCT,N726,CCTAAGAC,CCTAAGACCGCCCT
63,HEK,Column,1,GCCCTC,N726,CCTAAGAC,CCTAAGACGCCCTC
64,HEK,Column,1,GGTGGC,N726,CCTAAGAC,CCTAAGACGGTGGC
65,PBMCs,Column,5,GTCAACAGAGAA,N726,CCTAAGAC,CCTAAGACGTCAACAGAGAA
66,PBMCs,Column,5,AGAGTAATGCCA,N726,CCTAAGAC,CCTAAGACAGAGTAATGCCA
67,PBMCs,Column,5,CCTGGACTTCTA,N726,CCTAAGAC,CCTAAGACCCTGGACTTCTA
68,PBMCs,Column,5,CTCTTCTACTAG,N726,CCTAAGAC,CCTAAGACCTCTTCTACTAG
69,PBMCs,Column,5,GAGTAGCACAGG,N726,CCTAAGAC,CCTAAGACGAGTAGCACAGG
70,PBMCs,Column,5,TAGTCTTCGTTC,N726,CCTAAGAC,CCTAAGACTAGTCTTCGTTC
71,PBMCs,Column,5,GCTAAGGCGTCT,N726,CCTAAGAC,CCTAAGACGCTAAGGCGTCT
72,PBMCs,Column,5,CGACGTGGCATT,N726,CCTAAGAC,CCTAAGACCGACGTGGCATT
73,PBMCs,Incubation + ProtK,5,GTCAACAGAGAA,N727,CGATCAGT,CGATCAGTGTCAACAGAGAA
74,PBMCs,Incubation + ProtK,5,AGAGTAATGCCA,N727,CGATCAGT,CGATCAGTAGAGTAATGCCA
75,PBMCs,Incubation + ProtK,5,CCTGGACTTCTA,N727,CGATCAGT,CGATCAGTCCTGGACTTCTA
76,PBMCs,Incubation + ProtK,5,CTCTTCTACTAG,N727,CGATCAGT,CGATCAGTCTCTTCTACTAG
77,PBMCs,Incubation + ProtK,5,GAGTAGCACAGG,N727,CGATCAGT,CGATCAGTGAGTAGCACAGG
78,PBMCs,Incubation + ProtK,5,TAGTCTTCGTTC,N727,CGATCAGT,CGATCAGTTAGTCTTCGTTC
79,PBMCs,Incubation + ProtK,5,GCTAAGGCGTCT,N727,CGATCAGT,CGATCAGTGCTAAGGCGTCT
80,PBMCs,Incubation + ProtK,5,CGACGTGGCATT,N727,CGATCAGT,CGATCAGTCGACGTGGCATT
81,Tissue,Column,4,GTCAACAGAGAA,N728,TGCAGCTA,TGCAGCTAGTCAACAGAGAA
82,Tissue,Column,4,AGAGTAATGCCA,N728,TGCAGCTA,TGCAGCTAAGAGTAATGCCA
83,Tissue,Column,4,CCTGGACTTCTA,N728,TGCAGCTA,TGCAGCTACCTGGACTTCTA
84,Tissue,Column,4,CTCTTCTACTAG,N728,TGCAGCTA,TGCAGCTACTCTTCTACTAG
85,Tissue,Column,4,GAGTAGCACAGG,N728,TGCAGCTA,TGCAGCTAGAGTAGCACAGG
86,Tissue,Column,4,TAGTCTTCGTTC,N728,TGCAGCTA,TGCAGCTATAGTCTTCGTTC
87,Tissue,Column,4,GCTAAGGCGTCT,N728,TGCAGCTA,TGCAGCTAGCTAAGGCGTCT
88,Tissue,Column,4,CGACGTGGCATT,N728,TGCAGCTA,TGCAGCTACGACGTGGCATT
89,Tissue,Incubation + ProtK,4,GTCAACAGAGAA,N729,TCGACGTC,TCGACGTCGTCAACAGAGAA
90,Tissue,Incubation + ProtK,4,AGAGTAATGCCA,N729,TCGACGTC,TCGACGTCAGAGTAATGCCA
91,Tissue,Incubation + ProtK,4,CCTGGACTTCTA,N729,TCGACGTC,TCGACGTCCCTGGACTTCTA
92,Tissue,Incubation + ProtK,4,CTCTTCTACTAG,N729,TCGACGTC,TCGACGTCCTCTTCTACTAG
93,Tissue,Incubation + ProtK,4,GAGTAGCACAGG,N729,TCGACGTC,TCGACGTCGAGTAGCACAGG
94,Tissue,Incubation + ProtK,4,TAGTCTTCGTTC,N729,TCGACGTC,TCGACGTCTAGTCTTCGTTC
95,Tissue,Incubation + ProtK,4,GCTAAGGCGTCT,N729,TCGACGTC,TCGACGTCGCTAAGGCGTCT
96,Tissue,Incubation + ProtK,4,CGACGTGGCATT,N729,TCGACGTC,TCGACGTCCGACGTGGCATT
