Sample,Condition,Replicate,RNA,DNA,DNAse,i5,Nextera,BC,i7,XC
gDNA_1,2RNA_0DNA,1,2,0,no,503,714,GTCAACAGAGAA,GCTCATGA,GCTCATGAGTCAACAGAGAA
gDNA_2,1.5RNA_0.5DNA,1,1.5,0.5,no,503,715,AGAGTAATGCCA,ATCTCAGG,ATCTCAGGAGAGTAATGCCA
gDNA_3,2RNA_2DNA,1,2,2,no,503,716,CCTGGACTTCTA,ACTCGCTA,ACTCGCTACCTGGACTTCTA
gDNA_4,0.5RNA_1.5DNA,1,0.5,1.5,no,503,718,CTCTTCTACTAG,GGAGCTAC,GGAGCTACCTCTTCTACTAG
gDNA_5,0RNA_2DNA,1,0,2,no,503,719,GAGTAGCACAGG,GCGTAGTA,GCGTAGTAGAGTAGCACAGG
gDNA_6,2RNA_2DNA_DNAse,1,2,2,yes,503,720,TAGTCTTCGTTC,CGGAGCCT,CGGAGCCTTAGTCTTCGTTC
gDNA_7,2RNA_0DNA,2,2,0,no,508,714,GTCAACAGAGAA,GCTCATGA,GCTCATGAGTCAACAGAGAA
gDNA_8,1.5RNA_0.5DNA,2,1.5,0.5,no,508,715,AGAGTAATGCCA,ATCTCAGG,ATCTCAGGAGAGTAATGCCA
gDNA_9,2RNA_2DNA,2,2,2,no,508,716,CCTGGACTTCTA,ACTCGCTA,ACTCGCTACCTGGACTTCTA
gDNA_10,0.5RNA_1.5DNA,2,0.5,1.5,no,508,718,CTCTTCTACTAG,GGAGCTAC,GGAGCTACCTCTTCTACTAG
gDNA_11,0RNA_2DNA,2,0,2,no,508,719,GAGTAGCACAGG,GCGTAGTA,GCGTAGTAGAGTAGCACAGG
gDNA_12,2RNA_2DNA_DNAse,2,2,2,yes,508,720,TAGTCTTCGTTC,CGGAGCCT,CGGAGCCTTAGTCTTCGTTC
gDNA_13,2RNA_0DNA,3,2,0,no,509,714,GTCAACAGAGAA,GCTCATGA,GCTCATGAGTCAACAGAGAA
gDNA_14,1.5RNA_0.5DNA,3,1.5,0.5,no,509,715,AGAGTAATGCCA,ATCTCAGG,ATCTCAGGAGAGTAATGCCA
gDNA_15,2RNA_2DNA,3,2,2,no,509,716,CCTGGACTTCTA,ACTCGCTA,ACTCGCTACCTGGACTTCTA
gDNA_16,0.5RNA_1.5DNA,3,0.5,1.5,no,509,718,CTCTTCTACTAG,GGAGCTAC,GGAGCTACCTCTTCTACTAG
gDNA_17,0RNA_2DNA,3,0,2,no,509,719,GAGTAGCACAGG,GCGTAGTA,GCGTAGTAGAGTAGCACAGG
gDNA_18,2RNA_2DNA_DNAse,3,2,2,yes,509,720,TAGTCTTCGTTC,CGGAGCCT,CGGAGCCTTAGTCTTCGTTC
