Run,Experiment,flowcell,Lane,Library_ID,Sample Name,seqc_sample,site,Barcode,zUMIs_Bcs
SRR896663,SRX302130,AC0AYTACXX,L01,1,GSM1156797,A,BGI,ATCACG,NXQD
SRR896664,SRX302131,BC0AYPACXX,L01,1,GSM1156798,A,BGI,ATCACG,SYQO
SRR896665,SRX302132,AC0AYTACXX,L02,1,GSM1156799,A,BGI,ATCACG,LJYJ
SRR896666,SRX302133,BC0AYPACXX,L02,1,GSM1156800,A,BGI,ATCACG,QUOI
SRR896667,SRX302134,AC0AYTACXX,L03,1,GSM1156801,A,BGI,ATCACG,HTMS
SRR896668,SRX302135,BC0AYPACXX,L03,1,GSM1156802,A,BGI,ATCACG,JVTE
SRR896669,SRX302136,AC0AYTACXX,L04,1,GSM1156803,A,BGI,ATCACG,NSIO
SRR896670,SRX302137,BC0AYPACXX,L04,1,GSM1156804,A,BGI,ATCACG,YDYQ
SRR896671,SRX302138,AC0AYTACXX,L05,1,GSM1156805,A,BGI,ATCACG,WLSJ
SRR896672,SRX302139,BC0AYPACXX,L05,1,GSM1156806,A,BGI,ATCACG,HDVD
SRR896673,SRX302140,AC0AYTACXX,L06,1,GSM1156807,A,BGI,ATCACG,FFTK
SRR896674,SRX302141,BC0AYPACXX,L06,1,GSM1156808,A,BGI,ATCACG,PXTM
SRR896675,SRX302142,AC0AYTACXX,L07,1,GSM1156809,A,BGI,ATCACG,YVGH
SRR896676,SRX302143,BC0AYPACXX,L07,1,GSM1156810,A,BGI,ATCACG,USEN
SRR896677,SRX302144,AC0AYTACXX,L08,1,GSM1156811,A,BGI,ATCACG,RSBP
SRR896678,SRX302145,BC0AYPACXX,L08,1,GSM1156812,A,BGI,ATCACG,JZBI
SRR896679,SRX302146,AC0AYTACXX,L01,2,GSM1156813,A,BGI,ACAGTG,RXMB
SRR896680,SRX302147,BC0AYPACXX,L01,2,GSM1156814,A,BGI,ACAGTG,XAJV
SRR896681,SRX302148,AC0AYTACXX,L02,2,GSM1156815,A,BGI,ACAGTG,XNVS
SRR896682,SRX302149,BC0AYPACXX,L02,2,GSM1156816,A,BGI,ACAGTG,CQQP
SRR896683,SRX302150,AC0AYTACXX,L03,2,GSM1156817,A,BGI,ACAGTG,XAYQ
SRR896684,SRX302151,BC0AYPACXX,L03,2,GSM1156818,A,BGI,ACAGTG,KOXQ
SRR896685,SRX302152,AC0AYTACXX,L04,2,GSM1156819,A,BGI,ACAGTG,LVUA
SRR896686,SRX302153,BC0AYPACXX,L04,2,GSM1156820,A,BGI,ACAGTG,WNZV
SRR896687,SRX302154,AC0AYTACXX,L05,2,GSM1156821,A,BGI,ACAGTG,RSLR
SRR896688,SRX302155,BC0AYPACXX,L05,2,GSM1156822,A,BGI,ACAGTG,PXGX
SRR896689,SRX302156,AC0AYTACXX,L06,2,GSM1156823,A,BGI,ACAGTG,AQRB
SRR896690,SRX302157,BC0AYPACXX,L06,2,GSM1156824,A,BGI,ACAGTG,SNVT
SRR896691,SRX302158,AC0AYTACXX,L07,2,GSM1156825,A,BGI,ACAGTG,HYXS
SRR896692,SRX302159,BC0AYPACXX,L07,2,GSM1156826,A,BGI,ACAGTG,HUKS
SRR896693,SRX302160,AC0AYTACXX,L08,2,GSM1156827,A,BGI,ACAGTG,INSZ
SRR896694,SRX302161,BC0AYPACXX,L08,2,GSM1156828,A,BGI,ACAGTG,RSJL
SRR896695,SRX302162,AC0AYTACXX,L01,3,GSM1156829,A,BGI,GATCAG,ASGG
SRR896696,SRX302163,BC0AYPACXX,L01,3,GSM1156830,A,BGI,GATCAG,NGPC
SRR896697,SRX302164,AC0AYTACXX,L02,3,GSM1156831,A,BGI,GATCAG,BONK
SRR896698,SRX302165,BC0AYPACXX,L02,3,GSM1156832,A,BGI,GATCAG,XHAG
SRR896699,SRX302166,AC0AYTACXX,L03,3,GSM1156833,A,BGI,GATCAG,EXKY
SRR896700,SRX302167,BC0AYPACXX,L03,3,GSM1156834,A,BGI,GATCAG,EHJF
SRR896701,SRX302168,AC0AYTACXX,L04,3,GSM1156835,A,BGI,GATCAG,HSXZ
SRR896702,SRX302169,BC0AYPACXX,L04,3,GSM1156836,A,BGI,GATCAG,OTSB
SRR896703,SRX302170,AC0AYTACXX,L05,3,GSM1156837,A,BGI,GATCAG,FYGX
SRR896704,SRX302171,BC0AYPACXX,L05,3,GSM1156838,A,BGI,GATCAG,PHPI
SRR896705,SRX302172,AC0AYTACXX,L06,3,GSM1156839,A,BGI,GATCAG,PIIP
SRR896706,SRX302173,BC0AYPACXX,L06,3,GSM1156840,A,BGI,GATCAG,CAAG
SRR896707,SRX302174,AC0AYTACXX,L07,3,GSM1156841,A,BGI,GATCAG,UKOG
SRR896708,SRX302175,BC0AYPACXX,L07,3,GSM1156842,A,BGI,GATCAG,RMIQ
SRR896709,SRX302176,AC0AYTACXX,L08,3,GSM1156843,A,BGI,GATCAG,KTHO
SRR896710,SRX302177,BC0AYPACXX,L08,3,GSM1156844,A,BGI,GATCAG,KMGW
SRR896711,SRX302178,AC0AYTACXX,L01,4,GSM1156845,A,BGI,AGTCAA,LACG
SRR896712,SRX302179,BC0AYPACXX,L01,4,GSM1156846,A,BGI,AGTCAA,KWRK
SRR896713,SRX302180,AC0AYTACXX,L02,4,GSM1156847,A,BGI,AGTCAA,KRPW
SRR896714,SRX302181,BC0AYPACXX,L02,4,GSM1156848,A,BGI,AGTCAA,YDAS
SRR896715,SRX302182,AC0AYTACXX,L03,4,GSM1156849,A,BGI,AGTCAA,HLZD
SRR896716,SRX302183,BC0AYPACXX,L03,4,GSM1156850,A,BGI,AGTCAA,ZOZZ
SRR896717,SRX302184,AC0AYTACXX,L04,4,GSM1156851,A,BGI,AGTCAA,VYJZ
SRR896718,SRX302185,BC0AYPACXX,L04,4,GSM1156852,A,BGI,AGTCAA,WLJE
SRR896719,SRX302186,AC0AYTACXX,L05,4,GSM1156853,A,BGI,AGTCAA,TIQO
SRR896720,SRX302187,BC0AYPACXX,L05,4,GSM1156854,A,BGI,AGTCAA,UUOV
SRR896721,SRX302188,AC0AYTACXX,L06,4,GSM1156855,A,BGI,AGTCAA,IKYV
SRR896722,SRX302189,BC0AYPACXX,L06,4,GSM1156856,A,BGI,AGTCAA,BWPK
SRR896723,SRX302190,AC0AYTACXX,L07,4,GSM1156857,A,BGI,AGTCAA,QPZD
SRR896724,SRX302191,BC0AYPACXX,L07,4,GSM1156858,A,BGI,AGTCAA,WAUK
SRR896725,SRX302192,AC0AYTACXX,L08,4,GSM1156859,A,BGI,AGTCAA,RDMP
SRR896726,SRX302193,BC0AYPACXX,L08,4,GSM1156860,A,BGI,AGTCAA,WOEG
SRR896727,SRX302194,AC0AYTACXX,L01,5,GSM1156861,A,BGI,CGTACG,PYCN
SRR896728,SRX302195,BC0AYPACXX,L01,5,GSM1156862,A,BGI,CGTACG,VKAB
SRR896729,SRX302196,AC0AYTACXX,L02,5,GSM1156863,A,BGI,CGTACG,BNRB
SRR896730,SRX302197,BC0AYPACXX,L02,5,GSM1156864,A,BGI,CGTACG,SFML
SRR896731,SRX302198,AC0AYTACXX,L03,5,GSM1156865,A,BGI,CGTACG,ZWCV
SRR896732,SRX302199,BC0AYPACXX,L03,5,GSM1156866,A,BGI,CGTACG,CRKS
SRR896733,SRX302200,AC0AYTACXX,L04,5,GSM1156867,A,BGI,CGTACG,MPFT
SRR896734,SRX302201,BC0AYPACXX,L04,5,GSM1156868,A,BGI,CGTACG,QVPX
SRR896735,SRX302202,AC0AYTACXX,L05,5,GSM1156869,A,BGI,CGTACG,BFZM
SRR896736,SRX302203,BC0AYPACXX,L05,5,GSM1156870,A,BGI,CGTACG,RLQT
SRR896737,SRX302204,AC0AYTACXX,L06,5,GSM1156871,A,BGI,CGTACG,IWOV
SRR896738,SRX302205,BC0AYPACXX,L06,5,GSM1156872,A,BGI,CGTACG,GFNJ
SRR896739,SRX302206,AC0AYTACXX,L07,5,GSM1156873,A,BGI,CGTACG,SOOW
SRR896740,SRX302207,BC0AYPACXX,L07,5,GSM1156874,A,BGI,CGTACG,LZJH
SRR896741,SRX302208,AC0AYTACXX,L08,5,GSM1156875,A,BGI,CGTACG,LEPK
SRR896742,SRX302209,BC0AYPACXX,L08,5,GSM1156876,A,BGI,CGTACG,QOEL
